Price,Age,Mileage,Horse_Power,Metallic_Color,Automatic,CC,Doors,Weight,Fuel_Type
13500,23,46986,90,1,0,2000,3,1165,Diesel
13750,23,72937,90,1,0,2000,3,1165,Diesel
13950,24,41711,90,1,0,2000,3,1165,Diesel
14950,26,48000,90,0,0,2000,3,1165,Diesel
13750,30,38500,90,0,0,2000,3,1170,Diesel
12950,32,61000,90,0,0,2000,3,1170,Diesel
16900,27,94612,90,1,0,2000,3,1245,Diesel
18600,30,75889,90,1,0,2000,3,1245,Diesel
21500,27,19700,192,0,0,1800,3,1185,Petrol
12950,23,71138,69,0,0,1900,3,1105,Diesel
20950,25,31461,192,0,0,1800,3,1185,Petrol
19950,22,43610,192,0,0,1800,3,1185,Petrol
19600,25,32189,192,0,0,1800,3,1185,Petrol
21500,31,23000,192,1,0,1800,3,1185,Petrol
22500,32,34131,192,1,0,1800,3,1185,Petrol
22000,28,18739,192,0,0,1800,3,1185,Petrol
22750,30,34000,192,1,0,1800,3,1185,Petrol
17950,24,21716,110,1,0,1600,3,1105,Petrol
16750,24,25563,110,0,0,1600,3,1065,Petrol
16950,30,64359,110,1,0,1600,3,1105,Petrol
15950,30,67660,110,1,0,1600,3,1105,Petrol
16950,29,43905,110,0,1,1600,3,1170,Petrol
15950,28,56349,110,1,0,1600,3,1120,Petrol
16950,28,32220,110,1,0,1600,3,1120,Petrol
16250,29,25813,110,1,0,1600,3,1120,Petrol
15950,25,28450,110,1,0,1600,3,1120,Petrol
17495,27,34545,110,1,0,1600,3,1120,Petrol
15750,29,41415,110,1,0,1600,3,1120,Petrol
16950,28,44142,110,0,0,1600,3,1120,Petrol
17950,30,11090,110,1,0,1600,3,1120,Petrol
12950,29,9750,97,1,0,1400,3,1100,Petrol
15750,22,35199,97,1,0,1400,3,1100,Petrol
15950,27,29510,97,1,0,1400,3,1100,Petrol
14950,26,32692,97,1,0,1400,3,1100,Petrol
15500,22,41000,97,1,0,1400,3,1100,Petrol
15750,26,43000,97,0,0,1400,3,1100,Petrol
15950,25,25000,97,0,0,1400,3,1100,Petrol
14950,23,10000,97,1,0,1400,3,1100,Petrol
15750,32,25329,97,1,0,1400,3,1100,Petrol
14750,27,27500,97,0,0,1400,3,1100,Petrol
13950,22,49059,97,0,0,1400,3,1100,Petrol
16750,27,44068,97,1,0,1400,3,1100,Petrol
13950,22,46961,97,0,0,1400,3,1100,Petrol
16950,27,110404,90,0,0,2000,5,1255,Diesel
16950,22,100250,90,0,0,2000,5,1255,Diesel
19000,23,84000,90,0,0,2000,5,1270,Diesel
17950,27,79375,90,1,0,2000,5,1255,Diesel
15800,22,75048,97,1,0,1400,5,1110,Petrol
17950,22,72215,90,1,0,2000,5,1255,Diesel
21950,31,64982,192,1,0,1800,5,1195,Petrol
17950,22,62636,90,1,0,2000,5,1255,Diesel
15750,30,57086,97,1,0,1400,5,1110,Petrol
20500,26,56000,110,1,1,1600,5,1180,Petrol
21950,27,49866,192,1,0,1800,5,1195,Petrol
15500,25,49163,110,0,1,1600,5,1165,Petrol
13250,32,45725,110,1,0,1600,5,1075,Petrol
15250,28,43210,97,0,0,1400,5,1110,Petrol
15250,26,43000,97,0,0,1400,5,1110,Petrol
18950,23,39704,110,1,1,1600,5,1180,Petrol
15999,30,38950,110,1,0,1600,5,1130,Petrol
14950,22,37400,97,1,0,1400,5,1110,Petrol
16500,27,37177,110,0,0,1600,5,1130,Petrol
18750,31,36544,110,1,0,1600,5,1130,Petrol
17950,30,33511,110,1,0,1600,5,1130,Petrol
17950,27,32809,97,1,0,1400,5,1110,Petrol
16950,26,32181,110,1,0,1600,5,1075,Petrol
18950,28,30993,110,1,0,1600,5,1130,Petrol
14950,22,30400,97,1,0,1400,5,1110,Petrol
22250,22,30000,110,1,0,2000,5,1275,Diesel
15950,25,29719,97,1,0,1400,5,1110,Petrol
15950,28,29206,97,1,0,1400,5,1110,Petrol
12995,32,29198,97,1,0,1400,5,1060,Petrol
18950,28,28817,110,1,0,1598,5,1130,Petrol
15750,23,28227,97,1,0,1400,5,1110,Petrol
19950,28,28000,110,0,0,1600,5,1130,Petrol
16950,23,28000,110,1,0,1600,5,1115,Petrol
18750,31,25266,110,1,0,1600,5,1130,Petrol
18450,27,23489,110,0,0,1600,5,1115,Petrol
16895,29,22575,110,1,0,1600,5,1115,Petrol
14900,30,22000,97,1,0,1400,5,1110,Petrol
18950,25,20019,110,1,1,16000,5,1180,Petrol
17250,29,20000,110,1,0,1600,5,1115,Petrol
15450,25,17003,97,1,0,1400,5,1110,Petrol
17950,31,16238,110,1,1,1600,5,1180,Petrol
16650,25,15414,97,1,0,1400,5,1110,Petrol
17450,28,8537,110,1,0,1600,5,1130,Petrol
14900,30,7000,97,1,0,1400,5,1100,Petrol
17950,20,66966,90,1,0,2000,3,1245,Diesel
15950,19,51884,97,1,0,1400,3,1100,Petrol
21950,19,50005,110,1,0,2000,3,1265,Diesel
16450,20,48110,97,1,0,1400,3,1100,Petrol
22250,20,37500,90,1,0,2000,3,1260,Diesel
19950,16,34472,90,1,0,1995,3,1260,Diesel
15950,20,33329,97,1,0,1400,3,1100,Petrol
18900,20,31850,110,0,0,1600,3,1120,Petrol
19950,17,30351,90,1,0,1995,3,1260,Diesel
15950,19,29435,97,1,0,1400,3,1100,Petrol
15950,19,25948,97,1,0,1400,3,1100,Petrol
18750,11,24500,110,1,0,1600,3,1120,Petrol
17450,18,,97,1,0,1400,3,1100,Petrol
18990,20,23175,110,1,0,1600,3,1120,Petrol
16250,19,19200,97,1,0,1400,3,1100,Petrol
18500,13,18000,71,0,0,1400,3,1125,Petrol
18500,11,16123,110,1,0,1600,3,1105,Petrol
19450,11,14635,110,1,1,1600,3,1155,Petrol
16950,19,13748,97,1,0,1400,3,1100,Petrol
18800,14,11500,110,1,0,1600,3,1045,Petrol
17450,17,10000,97,1,0,1400,3,1100,Petrol
17950,20,7187,110,1,0,1600,3,1105,Petrol
32500,4,1,116,0,0,2000,5,1480,Diesel
31000,4,4000,116,1,0,2000,5,1480,Diesel
31275,4,1500,116,1,0,2000,5,1480,Diesel
24950,8,13253,116,1,0,2000,5,1320,Diesel
24950,8,13253,116,1,0,2000,5,1320,Diesel
22950,7,10000,116,1,0,2000,5,1270,Diesel
24990,8,6000,90,1,0,2000,5,1280,Diesel
21950,8,10841,90,1,0,2000,5,1270,Diesel
17900,7,1,110,1,0,1600,3,1105,Petrol
19250,20,63000,90,1,0,2000,5,1255,Diesel
22250,17,57313,110,1,0,2000,5,1275,Diesel
18950,13,57037,110,0,0,1600,5,1115,Petrol
19950,19,51099,90,1,0,2000,5,1255,Diesel
16350,14,40010,110,1,0,1600,5,1115,Petrol
18950,20,39115,110,1,0,1600,5,1130,Petrol
16950,17,36012,110,0,0,1600,5,1130,Petrol
21750,16,36000,110,1,0,1600,5,1130,Petrol
15950,20,36000,110,1,0,1600,5,1075,Petrol
16500,20,35000,97,1,0,1400,5,1110,Petrol
17950,17,33740,97,1,0,1400,5,1135,Petrol
15850,13,33477,110,1,0,1600,5,1075,Petrol
16250,20,32627,97,1,0,1400,5,1110,Petrol
15950,20,29797,97,1,0,1400,5,1110,Petrol
16250,19,29441,97,1,0,1400,5,1110,Petrol
15950,13,29371,110,1,0,1600,4,1105,Petrol
16500,20,29000,97,0,0,1400,5,1110,Petrol
16500,19,27821,97,0,0,1400,5,1110,Petrol
18450,19,27371,97,0,0,1400,5,1135,Petrol
16250,13,25170,110,1,0,1600,5,1105,Petrol
23000,11,25000,116,1,0,2000,5,1320,Diesel
19900,20,23000,110,1,0,1600,5,1130,Petrol
16450,20,22588,97,1,0,1400,5,1110,Petrol
23950,19,21684,192,1,0,1800,5,1185,Petrol
19950,13,21428,110,1,0,1600,5,1130,Petrol
18500,16,20629,110,1,0,1600,4,1090,Petrol
18950,15,20270,110,1,0,1600,5,1130,Petrol
16450,16,20105,97,0,0,1400,5,1110,Petrol
20500,20,20000,110,0,1,1600,5,1165,Petrol
24500,13,19988,110,1,0,1600,5,1130,Petrol
19450,19,18328,110,0,0,1600,5,1130,Petrol
20950,14,17896,110,1,1,1600,4,1150,Petrol
17200,20,17300,97,1,0,1400,5,1110,Petrol
19950,19,17038,110,0,0,1600,5,1130,Petrol
18450,10,13747,97,1,0,1400,5,1110,Petrol
19500,12,13634,110,1,0,1600,5,1115,Petrol
21750,13,13178,110,1,0,1600,5,1130,Petrol
16868,15,13157,97,1,0,1400,4,1085,Petrol
19500,16,13000,110,1,0,1600,4,1105,Petrol
18900,11,12500,110,1,0,1600,5,1115,Petrol
19750,17,11999,110,1,0,1600,5,1130,Petrol
19750,16,11754,110,0,1,1600,5,1180,Petrol
18950,16,11000,110,1,0,1600,4,1105,Petrol
20750,17,10000,110,0,0,1598,5,1105,Petrol
19600,9,7650,110,1,0,1600,5,1115,Petrol
19500,14,6500,110,1,0,1600,4,1100,Petrol
17650,11,6155,97,1,0,1400,5,1110,Petrol
19950,14,6000,110,0,0,1600,5,1130,Petrol
19950,14,5459,110,1,0,1600,5,1130,Petrol
20950,14,5278,110,1,1,1600,4,1150,Petrol
20500,12,5000,110,1,0,1600,5,1130,Petrol
17795,9,1,98,1,0,1400,4,1065,Petrol
18245,9,1,110,1,0,1600,5,1075,Petrol
23750,8,11000,110,1,0,1600,5,1130,Petrol
19500,8,10077,97,1,0,1400,5,1110,Petrol
18950,8,10000,97,1,0,1400,5,1110,Petrol
21950,8,9788,110,1,0,1600,5,1130,Petrol
19950,8,8574,110,1,0,1600,5,1130,Petrol
18950,8,7000,110,0,0,1600,5,1115,Petrol
19950,7,6250,110,1,0,1600,5,1115,Petrol
21950,8,5000,110,1,0,1600,5,1130,Petrol
22500,6,3000,110,0,0,1600,5,1130,Petrol
18500,7,2000,110,0,0,1600,5,1075,Petrol
18700,7,450,97,1,0,1400,5,1110,Petrol
21125,2,225,97,1,0,1400,5,1110,Petrol
21500,2,15,110,1,0,1600,5,1130,Petrol
17795,1,1,98,1,0,1400,4,1100,Petrol
18245,1,1,110,1,0,1600,5,1075,Petrol
6950,43,243000,69,0,0,1900,3,1110,Diesel
9500,38,180638,90,0,0,2000,4,1160,Diesel
11950,40,179860,90,1,0,2000,5,1205,Diesel
7750,43,178858,110,0,0,1600,3,1084,CNG
11950,40,161000,69,1,0,1900,3,1105,Diesel
4350,44,158320,69,0,0,1800,5,1110,Diesel
4750,44,131273,69,1,0,1800,5,1110,Diesel
11750,40,130062,69,1,0,1900,5,1140,Diesel
13250,41,123425,69,1,0,1900,5,1140,Diesel
11950,37,118217,110,1,0,1600,5,1075,Petrol
11900,44,110000,69,1,0,1900,5,1095,Diesel
14750,39,108847,90,1,0,2000,5,1205,Diesel
9950,42,105699,97,1,0,1400,3,1025,Petrol
11950,39,,110,1,0,1600,5,1119,CNG
11495,44,96829,110,1,0,1600,5,1075,Petrol
11250,40,96518,97,1,0,1400,3,1025,Petrol
10500,42,92204,110,1,0,1600,5,1075,Petrol
10450,35,91456,69,1,0,1900,3,1110,Diesel
12950,43,89968,69,1,0,1900,5,1140,Diesel
11500,44,89757,110,1,0,1600,3,1045,Petrol
12500,40,85389,110,1,0,1600,5,1075,Petrol
10950,43,85017,97,0,0,1400,5,1060,Petrol
11450,41,84312,110,0,0,1600,5,1080,Petrol
11950,37,82743,110,1,0,1600,5,1121,CNG
13250,41,81106,69,1,0,1900,5,1140,Diesel
14750,40,80425,90,1,0,2000,5,1205,Diesel
11790,34,78677,110,1,1,1600,5,1105,Petrol
11450,40,78425,110,1,0,1600,5,1075,Petrol
13500,33,78108,90,1,0,2000,3,1170,Diesel
10950,33,77321,110,1,0,1600,5,1075,Petrol
13500,33,75699,69,0,0,1900,3,1105,Diesel
10950,41,75697,97,1,0,1400,3,1025,Petrol
10950,44,74846,97,1,0,1400,3,1025,Petrol
12950,38,74319,110,1,0,1600,5,1075,Petrol
11950,43,74285,110,1,0,1600,5,1075,Petrol
12450,44,74172,110,1,0,1600,5,1615,Petrol
11950,40,73042,110,1,0,1598,5,1075,Petrol
14950,44,71793,110,1,0,1600,4,1067,CNG
12450,35,71200,110,1,0,1600,5,1075,Petrol
12950,38,67805,110,1,0,1600,5,1075,Petrol
11950,35,65988,110,1,0,1600,3,1040,Petrol
11690,34,65345,97,1,0,1400,5,1060,Petrol
12450,42,64564,110,1,0,1600,5,1080,Petrol
12750,36,63459,97,1,0,1400,5,1060,Petrol
11925,44,63451,97,0,0,1400,3,1025,Petrol
12950,33,62000,110,1,0,1600,5,1075,Petrol
11950,42,61300,97,1,0,1400,3,1030,Petrol
12900,41,61200,110,1,0,1600,3,1045,Petrol
11900,41,61000,110,0,0,1600,5,1075,Petrol
11650,38,60829,110,1,0,1600,5,1075,Petrol
10950,44,60500,110,0,0,1600,5,1075,Petrol
13950,35,59500,69,1,0,1900,3,1110,Diesel
13950,44,59000,110,0,1,1600,5,1110,Petrol
11950,40,58954,110,1,0,1600,5,1080,Petrol
10950,38,58798,110,1,0,1600,5,1075,Petrol
12450,38,58363,110,1,0,1600,3,1055,Petrol
11950,43,58277,110,1,0,1600,3,1045,Petrol
13500,33,57711,90,1,0,2000,3,1165,Diesel
11690,33,57269,110,1,0,1600,5,1075,Petrol
13500,39,56001,110,1,0,1600,5,1075,Petrol
11950,42,55968,110,0,0,1600,3,1050,Petrol
12900,39,55678,110,1,0,1600,4,1030,Petrol
13500,43,55539,110,1,0,1600,5,1085,Petrol
11750,42,55400,110,0,0,1600,5,1075,Petrol
11750,33,55350,110,0,0,1600,5,1075,Petrol
10850,43,54600,110,0,0,1600,4,1030,Petrol
11750,43,53773,110,1,0,1600,5,1075,Petrol
14950,42,53719,110,1,1,1600,5,1105,Petrol
9940,39,53644,110,1,0,1600,5,1075,Petrol
12900,42,53350,110,0,0,1600,5,1075,Petrol
13500,38,53000,110,1,0,1600,5,1075,Petrol
11750,44,52084,97,1,0,1400,3,1025,Petrol
11950,44,52000,97,0,0,1400,3,1025,Petrol
13450,33,51945,110,1,0,1600,5,1075,Petrol
11950,41,51732,97,1,0,1400,3,1025,Petrol
12495,39,50873,110,1,0,1600,5,1075,Petrol
13500,41,50856,110,0,0,1600,4,1030,Petrol
12750,40,50640,110,1,0,1600,5,1075,Petrol
12000,39,50000,97,1,0,1400,5,1060,Petrol
11950,38,49500,110,1,0,1600,5,1075,Petrol
12495,44,49332,110,1,0,1600,5,1080,Petrol
12450,34,49291,110,1,0,1600,3,1040,Petrol
14750,40,48952,90,1,0,2000,5,1205,Diesel
10950,39,48945,110,0,0,1600,3,1040,Petrol
13500,33,48928,69,1,0,1900,3,1105,Diesel
12950,38,48197,110,1,0,1600,5,1075,Petrol
13500,35,48052,69,1,0,1900,3,1105,Diesel
13450,34,48011,110,1,0,1600,4,1030,Petrol
13500,43,48000,110,1,0,1600,5,1075,Petrol
11480,41,47350,110,1,0,1600,5,1075,Petrol
13450,39,46821,97,1,0,1400,5,1060,Petrol
11495,39,46694,110,0,0,1600,3,1040,Petrol
12750,43,46515,97,0,0,1400,5,1025,Petrol
14990,38,46327,110,1,0,1600,3,1055,Petrol
12950,35,46304,97,1,0,1400,5,1060,Petrol
12950,40,45886,110,1,0,1600,5,1080,Petrol
12850,39,45713,97,1,0,1400,5,1085,Petrol
13950,40,45600,110,1,1,1600,5,1105,Petrol
11950,41,45287,110,1,0,1600,5,1075,Petrol
12950,39,45081,110,1,0,1600,5,1075,Petrol
11700,40,44830,110,1,0,1600,5,1075,Petrol
9950,37,44757,97,0,0,1400,3,1025,Petrol
11895,44,44218,97,1,0,1400,5,1060,Petrol
12950,43,43632,110,1,0,1600,5,1075,Petrol
12500,36,43427,110,1,0,1600,3,1040,Petrol
13875,39,43254,110,1,0,1600,5,1075,Petrol
10500,35,43000,110,0,0,1600,3,1050,Petrol
12295,33,42823,110,1,0,1600,5,1075,Petrol
13950,42,42560,110,1,0,1600,5,1080,Petrol
10950,38,41754,110,0,0,1600,3,1040,Petrol
12950,44,41499,110,1,0,1600,5,1103,CNG
12850,40,41339,110,1,0,1600,5,1080,Petrol
13995,35,41000,110,1,0,1600,5,1075,Petrol
13750,39,,110,1,0,1600,3,1055,Petrol
12750,37,39757,110,1,0,1600,5,1075,Petrol
12500,41,39659,110,1,0,1600,3,1045,Petrol
13950,43,39650,110,0,0,1600,3,1055,Petrol
11500,39,39524,97,1,0,1398,3,1025,Petrol
13950,44,39516,97,1,0,1400,5,1060,Petrol
11895,41,39439,97,0,0,1400,5,1060,Petrol
9950,44,39000,97,1,0,1400,3,1025,Petrol
13500,42,38932,110,1,0,1600,3,1040,Petrol
11450,37,38812,97,0,0,1400,3,1025,Petrol
12450,42,38665,110,1,0,1600,5,1075,Petrol
12950,40,38653,110,1,0,1600,5,1080,Petrol
13995,44,38461,110,1,0,1600,5,1080,Petrol
11750,42,38078,97,0,0,1400,3,1025,Petrol
11650,39,37782,97,1,0,1400,5,1060,Petrol
9950,43,37576,97,0,0,1400,3,1030,Petrol
13950,41,37533,110,1,0,1600,5,1075,Petrol
12950,44,37389,110,1,0,1600,5,1080,Petrol
10950,38,37320,97,1,0,1400,3,1025,Petrol
9900,42,37000,97,1,0,1400,3,1025,Petrol
11950,44,37000,110,0,0,1600,4,1075,Petrol
11990,40,36566,110,0,0,1600,5,1090,Petrol
10750,36,36269,110,1,0,1600,5,1075,Petrol
13950,37,36074,110,1,1,1600,5,1075,Petrol
11250,44,36066,110,1,0,1600,3,1040,Petrol
12950,39,34599,110,1,0,1600,5,1075,Petrol
11950,41,34000,110,1,0,1600,5,1075,Petrol
10950,42,33623,97,1,0,1400,3,1025,Petrol
12950,33,33591,110,1,0,1600,5,1075,Petrol
12950,35,33258,110,1,0,1600,5,1075,Petrol
11695,43,33113,110,1,0,1600,5,1075,Petrol
11000,41,33000,110,1,1,1600,5,1075,Petrol
13950,35,32941,110,1,0,1600,5,1080,Petrol
11950,38,32781,110,0,0,1600,5,1075,Petrol
11750,40,32532,110,1,0,1600,3,1040,Petrol
12400,34,32431,97,1,0,1400,5,1060,Petrol
12500,35,32000,110,0,0,1600,3,1040,Petrol
12900,33,31000,110,1,0,1600,5,1075,Petrol
12200,41,30989,110,0,0,1600,3,1045,Petrol
12750,43,30742,110,1,0,1600,3,1040,Petrol
11950,42,30190,110,1,0,1600,5,1075,Petrol
11900,41,29716,116,1,0,1600,5,1075,Petrol
11950,44,29716,110,1,1,1600,3,1070,Petrol
14950,42,29640,110,0,0,1600,3,1055,Petrol
11950,41,29056,97,1,0,1400,5,1060,Petrol
12950,33,28715,110,1,0,1600,5,1075,Petrol
14950,41,28571,110,0,0,1600,5,1090,Petrol
13450,40,28362,110,1,0,1600,3,1040,Petrol
13750,38,28150,110,1,0,1600,5,1075,Petrol
12950,43,27301,110,1,0,1600,3,1040,Petrol
12750,33,27240,110,1,0,1600,5,1075,Petrol
11895,39,27170,97,1,0,1400,5,1060,Petrol
9950,42,27141,97,1,0,1400,5,1060,Petrol
12450,38,26262,110,1,0,1600,5,1075,Petrol
12500,38,26000,97,1,0,1400,5,1060,Petrol
14950,43,25228,110,1,0,1600,3,1045,Petrol
13750,39,25062,110,1,0,1600,5,1080,Petrol
12695,39,24723,110,1,1,1600,4,1060,Petrol
14990,33,24650,110,1,0,1600,3,1055,Petrol
12750,43,24553,110,1,0,1600,5,1080,Petrol
14350,41,24475,110,1,0,1600,5,1030,Petrol
12950,39,24444,110,1,0,1600,3,1040,Petrol
11500,35,24011,97,0,0,1400,3,1025,Petrol
11950,41,24000,97,1,0,1400,3,1025,Petrol
13450,40,23616,110,1,0,1600,5,1075,Petrol
12900,38,22865,110,1,0,1600,5,1075,Petrol
10500,41,22780,86,1,0,1300,5,1035,Petrol
10950,35,21904,97,0,0,1400,3,1025,Petrol
11950,41,21651,97,0,0,1400,3,1025,Petrol
11450,37,21500,110,1,0,1600,5,1030,Petrol
13250,44,21027,110,1,0,1600,5,1080,Petrol
10250,39,18500,110,0,0,1600,4,1030,Petrol
13995,35,18000,110,1,0,1600,5,1075,Petrol
11950,40,17051,97,0,0,1400,5,1060,Petrol
13250,33,16512,97,1,0,1400,5,1085,Petrol
12950,40,16325,110,1,0,1600,5,1080,Petrol
11750,38,16000,97,1,0,1400,5,1060,Petrol
11500,39,12000,110,1,0,1600,5,1075,Petrol
13500,43,10000,97,1,0,1400,5,1060,Petrol
6500,53,216000,69,0,0,1900,3,1110,Diesel
6400,51,198167,69,0,0,1900,4,1095,Diesel
7000,53,176000,69,0,0,1900,3,1105,Diesel
7750,54,174139,72,1,0,2000,4,1100,Diesel
8900,45,174000,69,1,0,1900,5,1095,Diesel
8500,55,150000,110,1,0,1600,3,1075,CNG
8950,54,149329,72,1,0,2000,5,1135,Diesel
9900,51,146736,110,1,0,1600,5,1080,Petrol
10250,53,143513,69,0,0,1900,5,1140,Diesel
9250,48,142130,110,0,0,1600,5,1119,CNG
7750,48,140700,69,1,0,1900,5,1110,Diesel
9450,54,138394,69,1,0,1900,4,1095,Diesel
7750,55,137000,72,1,0,2000,5,1135,Diesel
8250,52,135258,69,1,0,1900,5,1140,Diesel
9950,49,131364,110,1,0,1600,5,1075,Petrol
4450,56,129155,69,0,0,1800,5,1110,Diesel
9950,50,126110,110,0,0,1600,3,1055,Petrol
9000,48,119742,110,1,0,1600,5,1080,Petrol
9950,53,117913,69,1,0,1900,5,1110,Diesel
12450,47,117430,90,1,0,2000,3,1165,Diesel
10500,55,117175,110,1,0,1600,4,1035,Petrol
10750,54,115558,110,1,0,1600,4,1035,Petrol
8950,53,115113,97,1,0,1400,3,1025,Petrol
10500,54,115046,69,1,0,1900,5,1140,Diesel
5150,56,113997,72,1,0,2000,5,1135,Diesel
10950,49,107859,97,0,0,1400,5,1060,Petrol
9450,52,104805,97,1,0,1400,3,1025,Petrol
9950,54,103454,110,1,0,1600,5,1075,Petrol
10950,51,103018,69,0,0,1900,5,1140,Diesel
11900,47,102352,110,1,0,1600,5,1080,Petrol
9950,50,102030,97,1,0,1400,5,1060,Petrol
11950,54,101352,110,0,0,1600,5,1080,Petrol
7900,50,99865,110,1,0,1600,4,1035,Petrol
10950,52,99323,110,1,0,1600,3,1055,Petrol
8950,48,98100,69,1,0,1900,5,1140,Diesel
11950,51,98040,110,0,0,1600,5,1080,Petrol
10900,49,97600,110,1,0,1600,3,1045,Petrol
9950,55,97234,110,0,0,1600,5,1080,Petrol
9950,51,96135,72,0,0,2000,3,1115,Diesel
10950,54,96100,110,1,0,1600,5,1080,Petrol
8950,55,94401,72,0,0,2000,3,1115,Diesel
8950,55,94122,86,1,0,1300,3,1015,Petrol
10500,49,91340,110,1,0,1600,3,1055,Petrol
8950,53,90200,97,0,0,1400,3,1025,Petrol
9250,53,90097,69,1,0,1900,5,1140,Diesel
11500,48,89049,97,1,0,1400,5,1060,Petrol
9750,52,89000,110,0,0,1600,5,1075,Petrol
9950,45,87274,110,1,0,1600,3,1040,Petrol
11450,49,86221,110,0,0,1600,3,1045,Petrol
12500,54,84598,110,0,0,1600,5,1075,Petrol
10500,50,83567,110,0,0,1600,5,1075,Petrol
12950,50,83106,110,1,0,1600,5,1075,Petrol
12200,50,82805,110,1,0,1600,3,1040,Petrol
10950,50,82735,97,1,0,1400,3,1030,Petrol
10950,54,81905,110,1,0,1600,5,1105,Petrol
11290,49,80320,110,1,1,1600,3,1070,Petrol
10750,49,80090,97,1,0,1400,3,1030,Petrol
10895,53,79800,110,0,0,1600,5,1075,Petrol
11500,47,78785,110,1,0,1600,5,1119,CNG
9750,48,78600,110,1,0,1600,5,1075,Petrol
10250,55,77780,110,0,0,1600,3,1040,Petrol
12500,49,77648,110,0,0,1600,4,1030,Petrol
11950,54,77270,110,1,0,1600,4,1035,Petrol
10750,50,76167,97,1,0,1400,5,1060,Petrol
11450,46,75249,110,1,0,1600,4,1035,Petrol
11950,54,75231,110,1,0,1600,5,1080,Petrol
11750,48,75045,110,1,0,1600,3,1055,Petrol
10950,50,74849,110,1,1,1600,4,1060,Petrol
11950,55,74715,110,1,0,1600,5,1080,Petrol
10995,49,74656,69,0,0,1900,3,1105,Diesel
11450,56,74500,97,0,0,1400,3,1025,Petrol
8900,49,,110,1,0,1600,5,1075,Petrol
10500,50,73634,110,0,0,1587,5,1075,Petrol
11750,47,73403,110,1,0,1600,5,1075,Petrol
11450,49,73175,97,1,0,1400,3,1030,Petrol
12000,52,73000,110,0,0,1600,3,1055,Petrol
11950,50,72242,110,0,1,1600,3,1070,Petrol
9850,53,72000,97,1,0,1400,3,1025,Petrol
10950,54,71725,110,1,0,1600,4,1035,Petrol
10950,54,71276,110,0,0,1600,5,1080,Petrol
8695,50,70440,69,1,0,1900,3,1105,Diesel
10990,53,70239,110,0,0,1600,3,1040,Petrol
9500,55,69813,97,1,0,1400,3,1025,Petrol
11950,49,69659,86,0,0,1300,3,1025,Petrol
10750,46,69574,97,0,0,1400,5,1065,Petrol
8750,47,69000,69,1,0,1900,5,1140,Diesel
8750,49,68565,110,1,0,1600,4,1030,Petrol
11450,55,68520,72,1,0,2000,3,1115,Diesel
9950,46,68414,97,0,0,1400,3,1025,Petrol
11950,56,66777,110,0,0,1600,5,1090,Petrol
13950,52,66527,110,1,0,1600,5,1080,Petrol
11250,54,66063,110,1,0,1600,5,1090,Petrol
10900,50,65471,97,1,0,1400,5,1060,Petrol
9750,56,65400,97,1,0,1400,3,1025,Petrol
9950,52,65170,97,1,0,1400,3,1025,Petrol
11950,56,65000,110,1,0,1600,5,1075,Petrol
10450,48,64193,110,1,0,1600,3,1040,Petrol
8950,54,64000,97,1,0,1400,3,1025,Petrol
10250,54,63792,110,1,0,1600,5,1075,Petrol
9930,53,63635,110,1,0,1600,4,1035,Petrol
10500,54,63135,110,1,0,1600,3,1050,Petrol
11950,54,63123,110,1,0,1600,4,1035,Petrol
11500,48,63000,69,1,0,1900,5,1140,Diesel
11500,55,63000,110,0,0,1600,4,1035,Petrol
11450,54,62987,110,0,0,1600,5,1080,Petrol
9900,56,62751,110,0,0,1600,3,1050,Petrol
9500,54,62519,97,0,0,1400,3,1025,Petrol
10500,50,62280,97,1,0,1400,5,1060,Petrol
10750,50,61672,110,0,0,1600,5,1075,Petrol
8950,54,61000,69,0,0,2000,5,1140,Diesel
12000,56,61000,110,1,0,1600,3,1050,Petrol
9940,53,60558,110,1,0,1600,4,1105,Petrol
10950,47,60348,110,0,0,1600,4,1030,Petrol
10750,54,60239,110,1,0,1600,5,1075,Petrol
9799,51,59000,97,1,0,1400,3,1025,Petrol
11750,51,58761,97,0,0,1300,5,1060,Petrol
11950,54,58745,110,1,0,1600,4,1035,Petrol
11250,52,58596,110,1,0,1600,3,1045,Petrol
11750,54,58530,110,0,0,1600,5,1075,Petrol
10950,55,58377,110,1,0,1600,3,1050,Petrol
11250,56,58142,110,1,0,1600,5,1080,Petrol
9950,53,57948,97,1,0,1400,3,1025,Petrol
9700,51,57645,110,0,0,1600,5,1080,Petrol
11950,47,57500,110,1,0,1600,4,1105,Petrol
9900,53,57475,110,0,0,1600,3,1040,Petrol
9990,55,56743,110,0,0,1600,3,1045,Petrol
9475,48,56675,97,1,0,1400,3,1025,Petrol
11500,54,55877,110,1,0,1600,5,1075,Petrol
11950,53,55500,110,1,0,1600,4,1035,Petrol
11500,55,54900,97,1,0,1400,5,1060,Petrol
10500,50,54465,110,0,0,1600,5,1075,Petrol
10900,46,53700,97,1,0,1400,5,1060,Petrol
11700,52,53561,97,1,0,1400,5,1060,Petrol
11900,51,53408,110,1,0,1600,5,1080,Petrol
13950,51,53268,110,1,0,1600,5,1080,Petrol
10950,49,53116,97,1,0,1400,3,1025,Petrol
10500,56,52448,97,0,0,1400,3,1025,Petrol
10750,55,52149,97,1,0,1400,3,1085,Petrol
11950,55,52141,110,1,0,1600,5,1070,Petrol
10000,56,52000,97,0,0,1400,3,1025,Petrol
10495,48,50967,97,1,0,1400,5,1060,Petrol
11450,50,50400,110,0,0,1600,5,1080,Petrol
9400,54,50000,97,1,0,1400,3,1025,Petrol
11950,51,50000,86,1,0,1300,5,1045,Petrol
9650,53,49969,110,0,0,1600,5,1075,Petrol
18950,49,49568,110,1,0,1600,3,1105,Petrol
11450,51,49473,110,0,0,1600,3,1055,Petrol
10250,52,49432,110,1,0,1600,3,1050,Petrol
11450,48,49417,110,1,0,1600,3,1045,Petrol
9950,54,49366,97,1,0,1400,3,1025,Petrol
10500,56,48731,110,1,0,1600,3,1055,Petrol
13750,54,48370,110,1,0,1600,5,1080,Petrol
9950,48,48071,97,0,0,1400,3,1025,Petrol
10250,54,47852,110,1,0,1600,4,1030,Petrol
10850,54,47768,110,0,0,1600,3,1055,Petrol
11895,52,47689,110,0,0,1600,5,1075,Petrol
12950,53,47451,110,1,0,1600,3,1055,Petrol
11950,50,47219,110,1,0,1600,5,1080,Petrol
10750,56,47211,110,1,0,1600,5,1070,Petrol
9550,54,46856,97,0,0,1400,5,1060,Petrol
10950,56,46500,86,0,0,1300,5,1035,Petrol
11750,52,46449,110,1,0,1600,4,1035,Petrol
10950,47,46391,110,0,0,1600,5,1075,Petrol
12450,54,46230,110,1,0,1600,3,1055,Petrol
10500,52,46029,110,1,0,1600,4,1030,Petrol
10900,50,46000,97,0,0,1400,3,1025,Petrol
12950,50,45900,110,1,0,1600,5,1075,Petrol
10950,47,45850,97,0,0,1400,5,1060,Petrol
12500,56,45336,110,1,0,1600,5,1080,Petrol
9950,55,44537,97,0,0,1400,3,1025,Petrol
10750,56,43700,86,1,0,1300,3,1025,Petrol
12500,48,43120,97,1,0,1400,3,1030,Petrol
10450,49,41710,110,0,0,1600,3,1040,Petrol
10750,52,41700,97,1,0,1400,3,1025,Petrol
12950,49,41636,110,1,0,1600,5,1105,Petrol
10995,50,41273,97,0,0,1400,5,1060,Petrol
11950,49,40836,110,0,1,1600,3,1075,Petrol
11250,50,40400,97,1,0,1400,5,1060,Petrol
11950,47,40361,110,1,0,1600,5,1090,Petrol
13750,54,40325,86,0,0,1300,5,1045,Petrol
11000,47,40000,110,0,0,1600,5,1080,Petrol
13500,50,39706,110,1,0,1600,5,1080,Petrol
10950,54,39291,110,1,0,1600,3,1040,Petrol
10750,54,39000,97,0,0,1400,3,1025,Petrol
8950,47,38900,97,1,0,1400,3,1025,Petrol
12950,51,38403,110,0,0,1600,3,1055,Petrol
9750,56,37461,97,0,0,1400,3,1025,Petrol
10900,54,37000,97,1,0,1400,3,1025,Petrol
10995,55,36406,110,1,0,1600,4,1035,Petrol
10750,48,36005,97,1,0,1400,5,1065,Petrol
10950,52,36000,110,1,0,1600,5,1075,Petrol
13000,49,36000,110,0,0,1600,5,1080,Petrol
12950,45,36000,110,1,1,1600,3,1070,Petrol
11500,52,35823,110,0,0,1600,5,1075,Petrol
10950,56,35230,97,0,0,1400,3,1025,Petrol
11710,48,35142,110,0,0,1600,3,1055,Petrol
9980,49,34890,97,0,0,1400,3,1025,Petrol
12250,51,34882,110,1,0,1600,5,1075,Petrol
11500,46,34000,110,1,0,1600,5,1075,Petrol
11950,56,33998,110,0,0,1600,5,1080,Petrol
11500,55,33230,110,0,0,1600,3,1050,Petrol
11900,46,33021,110,1,0,1600,5,1080,Petrol
11930,49,31999,97,0,0,1400,3,1030,Petrol
10500,52,31579,97,0,0,1400,3,1025,Petrol
8950,56,31000,97,0,0,1400,3,1025,Petrol
10450,46,30806,97,1,0,1400,5,1060,Petrol
10500,55,30461,86,1,0,1300,5,1050,Petrol
12950,50,29686,110,1,1,1600,3,1075,Petrol
9950,55,29650,86,0,0,1300,3,1025,Petrol
12900,52,29500,110,1,0,1600,3,1055,Petrol
9950,48,28656,97,0,0,1400,3,1085,Petrol
9950,55,27500,97,1,0,1400,3,1025,Petrol
10950,48,26938,110,1,0,1600,3,1040,Petrol
10950,53,26624,97,0,0,1400,5,1060,Petrol
9950,47,26221,97,1,0,1400,3,1025,Petrol
10950,50,22648,97,1,0,1400,5,1060,Petrol
10800,50,22500,97,1,0,1400,3,1025,Petrol
10500,56,19313,97,0,0,1400,3,1025,Petrol
10450,50,17619,110,0,0,1600,4,1030,Petrol
10600,51,17069,97,1,0,1400,3,1025,Petrol
10450,48,15000,97,1,0,1400,3,1025,Petrol
12950,50,10210,97,0,0,1400,5,1065,Petrol
11250,47,5309,110,1,1,1600,3,1070,Petrol
7500,50,1,90,1,0,2000,3,1260,Diesel
8950,52,31000,97,0,0,1398,3,1025,Petrol
6950,58,205000,72,1,0,2000,4,1100,Diesel
7900,68,204250,72,0,0,2000,3,1115,Diesel
5950,68,194545,86,0,0,1300,4,1000,Petrol
7500,59,190900,72,1,0,2000,3,1115,Diesel
7500,62,183500,72,1,0,2000,5,1140,Diesel
6900,65,176184,72,1,0,2000,3,1115,Diesel
5751,67,174833,72,0,0,2000,4,1100,Diesel
6950,68,155720,86,1,0,1300,3,1015,Petrol
7950,67,155500,110,1,0,1600,5,1050,Petrol
7750,59,154783,72,1,0,2000,3,1120,Diesel
7950,64,154462,72,1,0,2000,5,1135,Diesel
8250,64,150585,110,1,0,1600,3,1065,Petrol
6250,67,149000,90,1,0,2000,5,1135,Diesel
9500,62,147636,72,0,0,2000,5,1135,Diesel
6900,59,144521,72,1,0,2000,5,1135,Diesel
8450,64,144000,110,1,0,1600,3,1065,CNG
7350,65,140168,72,1,0,2000,3,1115,Diesel
8950,68,140000,110,1,0,1600,5,1085,Petrol
6900,60,139800,72,0,0,2000,3,1115,Diesel
8950,59,137050,110,1,0,1600,3,1078,CNG
8750,61,136956,110,0,0,1600,3,1065,Petrol
7950,67,135337,110,1,0,1600,5,1120,CNG
8950,64,133769,72,1,0,2000,3,1120,Diesel
8950,58,133405,72,1,0,2000,5,1135,Diesel
8950,65,132807,72,1,0,2000,5,1135,Diesel
7950,64,132393,72,0,0,2000,5,1135,Diesel
7750,60,130270,110,0,0,1600,3,1050,Petrol
7500,59,130000,72,1,0,2000,4,1135,Diesel
8950,67,127000,72,1,0,2000,5,1135,Diesel
9800,67,126800,72,0,0,2000,5,1135,Diesel
9450,66,126452,110,1,0,1600,5,1085,Petrol
8950,62,125175,116,0,0,2000,5,1150,Diesel
8750,68,125000,72,1,0,2000,3,1115,Diesel
10500,61,123000,72,0,0,2000,5,1135,Diesel
7995,59,121626,86,0,0,1300,5,1050,Petrol
10450,64,120400,110,0,0,1600,5,1090,Petrol
9950,66,120000,72,0,0,2000,4,1100,Diesel
9950,68,119541,110,0,0,1600,3,1055,Petrol
8950,68,119500,110,1,0,1600,5,1070,Petrol
7950,68,119289,110,1,0,1600,4,1035,Petrol
10950,57,118833,110,0,0,1600,3,1065,Petrol
9950,64,118000,72,1,0,2000,5,1150,Diesel
8600,68,117955,110,1,1,1600,4,1065,Petrol
7250,65,117609,86,0,0,1300,3,1015,Petrol
6950,68,117000,72,0,0,2000,3,1115,Diesel
8000,64,116000,86,0,0,1300,5,1045,Petrol
9950,58,115715,110,0,0,1600,5,1070,Petrol
9450,60,115191,110,1,0,1600,4,1079,CNG
7950,68,115071,110,1,0,1600,3,1055,Petrol
9450,63,115000,110,0,0,1600,3,1109,CNG
9950,64,114846,110,1,0,1600,5,1075,Petrol
6950,65,114383,90,0,0,2000,3,1260,Diesel
8250,59,113700,110,1,0,1600,5,1065,Petrol
9950,67,113118,86,1,0,1300,3,1020,Petrol
8250,59,112827,86,1,0,1300,5,1040,Petrol
9950,68,112116,110,1,0,1600,5,1070,Petrol
10500,66,112000,110,1,0,1600,3,1065,Petrol
7950,62,112000,72,0,0,2000,4,1135,Diesel
9750,65,111769,110,0,0,1600,3,1065,Petrol
9250,61,110853,110,1,0,1600,5,1070,Petrol
9500,68,110287,110,1,0,1600,3,1050,Petrol
9950,62,109547,110,0,0,1600,5,1075,Petrol
7750,63,109230,110,0,0,1600,3,1050,Petrol
9500,68,109150,110,0,0,1600,5,1075,Petrol
9950,67,108793,110,1,0,1600,4,1035,Petrol
9750,64,106784,110,0,1,1600,3,1050,Petrol
9750,58,105942,86,0,0,1300,5,1040,Petrol
5950,59,105000,86,1,0,1300,3,1015,Petrol
8500,62,105000,86,0,0,1300,5,1040,Petrol
8495,68,104299,110,1,0,1600,5,1085,Petrol
9250,67,104000,86,0,0,1300,3,1020,Petrol
6900,68,104000,86,1,0,1300,3,1015,Petrol
8950,58,103458,86,1,0,1300,3,1025,Petrol
9500,63,103400,110,1,0,1600,5,1075,Petrol
9250,63,102807,86,0,0,1300,5,1055,Petrol
9895,68,102494,110,0,0,1600,5,1090,Petrol
9950,57,102300,72,1,0,2000,5,1135,Diesel
7950,61,102106,110,0,0,1600,3,1050,Petrol
8750,68,101889,110,1,0,1600,5,1075,Petrol
8250,57,101791,72,0,0,2000,3,1115,Diesel
8950,63,101469,110,1,0,1600,3,1065,Petrol
8950,68,101001,110,0,0,1600,5,1075,Petrol
8950,61,100748,110,0,0,1600,5,1070,Petrol
8950,65,100550,110,1,0,1600,5,1075,Petrol
9450,67,99781,110,1,0,1600,5,1085,Petrol
8950,59,98658,86,1,0,1300,3,1020,Petrol
9250,65,98500,110,1,0,1600,5,1075,Petrol
8750,64,98291,86,0,0,1300,4,1000,Petrol
9950,61,97648,110,1,0,1600,3,1065,Petrol
9950,61,97425,110,1,0,1600,5,1075,Petrol
9900,65,97173,86,0,0,1300,3,1015,Petrol
8950,66,97046,86,1,0,1300,4,1000,Petrol
8950,67,96000,110,1,0,1600,3,1050,Petrol
12250,60,96000,72,0,0,2000,4,1100,Diesel
9250,67,95750,110,1,0,1600,5,1070,Petrol
10250,61,95147,110,1,0,1600,3,1050,Petrol
8950,68,95000,110,0,0,1600,3,1050,Petrol
7999,65,95000,110,1,0,1600,3,1050,Petrol
9900,66,94606,110,0,0,1600,3,1065,Petrol
8250,63,94504,86,1,0,1300,4,1000,Petrol
10500,65,93428,110,1,0,1600,5,1075,Petrol
8450,65,93408,86,0,0,1300,3,1015,Petrol
9900,68,93296,110,1,0,1600,5,1090,Petrol
10500,62,93098,110,1,0,1600,5,1075,Petrol
8500,67,92922,72,1,0,2000,4,1100,Diesel
9500,61,92498,110,1,0,1600,3,1050,Petrol
9450,65,92226,110,0,0,1600,3,1065,Petrol
9900,68,91505,72,0,0,2000,3,1115,Diesel
8250,64,91333,110,1,0,1600,3,1050,Petrol
8750,65,91246,86,1,0,1300,3,1015,Petrol
9500,58,91000,110,1,0,1600,5,1075,Petrol
8450,68,90727,110,0,0,1600,3,1050,Petrol
8490,62,90000,110,0,0,1600,3,1050,Petrol
8750,60,89576,110,0,0,1600,4,1035,Petrol
9750,64,89145,86,1,0,1300,3,1025,Petrol
9950,63,89000,110,1,0,1600,5,1085,Petrol
8500,68,88807,110,0,0,1600,3,1050,Petrol
8450,63,88685,110,0,0,1600,5,1070,Petrol
7900,62,88667,110,1,0,1600,4,1040,Petrol
8750,57,88480,110,1,0,1600,3,1050,Petrol
7950,61,88127,86,0,0,1300,3,1015,Petrol
6900,62,88000,86,0,0,1300,3,1020,Petrol
8150,65,87821,86,1,0,1300,3,1015,Petrol
10995,59,87654,86,1,1,1300,5,1065,Petrol
8900,59,86888,110,1,0,1600,3,1050,Petrol
9500,59,86871,86,1,0,1300,5,1040,Petrol
8950,68,86714,110,1,0,1600,4,1035,Petrol
11500,65,85889,110,0,0,1600,3,1065,Petrol
10450,62,85000,110,1,0,1600,3,1050,Petrol
10500,60,85000,86,1,0,1300,3,1025,Petrol
9250,68,84976,110,1,0,1600,4,1035,Petrol
10950,65,84558,110,1,0,1600,5,1120,Petrol
10450,62,84549,110,0,0,1600,5,1075,Petrol
9250,68,84482,110,1,0,1600,5,1075,Petrol
8750,62,83908,110,1,0,1600,5,1070,Petrol
8750,67,83560,86,0,0,1300,3,1015,Petrol
9800,68,83000,107,1,1,1600,5,1100,Petrol
8250,64,82723,86,0,0,1300,3,1015,Petrol
10450,62,82421,110,1,0,1600,3,1065,Petrol
9750,58,82254,110,0,0,1600,5,1050,Petrol
8950,61,82115,110,1,0,1600,3,1055,Petrol
7450,65,82000,86,1,0,1300,3,1015,Petrol
8450,68,81965,86,1,0,1300,5,1035,Petrol
8250,66,81250,110,0,0,1600,3,1050,Petrol
10950,65,81192,110,1,0,1600,3,1065,Petrol
8950,61,81170,110,1,0,1600,4,1040,Petrol
8750,66,81083,86,0,0,1300,3,1015,Petrol
10450,61,80714,110,1,0,1600,5,1075,Petrol
10950,57,80470,110,0,0,1600,5,1085,Petrol
8450,65,80439,110,1,0,1600,4,1035,Petrol
9950,59,80430,110,1,0,1600,3,1065,Petrol
9950,68,80426,110,1,0,1600,3,1055,Petrol
8750,62,80265,86,0,0,1300,3,1015,Petrol
9950,65,80153,110,0,0,1600,5,1070,Petrol
9500,68,80121,110,0,0,1600,5,1070,Petrol
8250,65,80086,110,1,0,1600,4,1035,Petrol
10950,62,80000,110,0,0,1600,5,1075,Petrol
7950,60,80000,86,0,0,1300,5,1015,Petrol
8250,65,80000,86,1,0,1300,2,1015,Petrol
9895,67,79858,110,1,0,1600,4,1040,Petrol
9130,67,79762,86,1,0,1300,3,1015,Petrol
10950,59,79660,86,0,1,1300,5,1065,Petrol
10500,60,79150,110,1,0,1600,5,1075,Petrol
8900,61,79000,110,1,0,1600,3,1050,Petrol
9500,57,78955,86,1,0,1300,5,1045,Petrol
10950,59,78750,90,1,0,1975,5,1155,Diesel
7950,68,78521,86,0,0,1300,3,1015,Petrol
7950,64,78356,86,1,0,1300,3,1015,Petrol
7950,65,78076,86,1,0,1300,3,1015,Petrol
9500,61,78063,107,1,1,1600,5,1100,Petrol
10950,67,77821,110,1,0,1600,5,1075,Petrol
9750,68,77695,110,1,0,1600,4,1035,Petrol
9750,65,77500,110,1,0,1600,3,1050,Petrol
9450,63,77457,110,1,0,1600,3,1055,Petrol
8950,68,77029,86,1,0,1300,3,1015,Petrol
8950,68,77008,86,1,0,1300,3,1015,Petrol
8900,66,76791,110,1,0,1600,5,1070,Petrol
9950,61,76700,86,1,0,1300,5,1035,Petrol
8750,67,76569,86,1,0,1300,3,1020,Petrol
8950,59,76162,110,1,0,1600,5,1075,Petrol
8990,65,76155,110,1,0,1600,4,1035,Petrol
8950,61,75609,86,1,0,1300,3,1015,Petrol
8950,62,75569,72,1,0,2000,3,1120,Diesel
9950,67,75429,110,1,0,1600,3,1065,Petrol
9900,68,75000,110,1,0,1600,5,1075,Petrol
8950,65,75000,86,0,0,1300,3,1015,Petrol
8950,62,75000,110,1,0,1600,5,1070,Petrol
9500,66,74963,107,0,1,1600,3,1085,Petrol
7950,68,74889,86,1,0,1300,3,1015,Petrol
7750,68,74875,110,0,0,1600,5,1070,Petrol
8950,63,74747,110,1,0,1600,5,1075,Petrol
11950,60,74720,110,1,0,1600,5,1085,Petrol
8950,62,74457,110,0,0,1600,5,1075,Petrol
11950,60,74337,86,0,0,1300,5,1035,Petrol
8950,68,74308,110,0,0,1600,3,1050,Petrol
9950,64,74193,110,0,0,1600,3,1050,Petrol
8250,65,74179,110,1,0,1600,3,1050,Petrol
8995,67,73936,86,1,0,1300,5,1050,Petrol
9995,61,73894,110,1,0,1600,3,1065,Petrol
9250,64,73500,110,1,0,1600,3,1050,Petrol
10950,64,73376,110,0,0,1600,5,1070,Petrol
8900,64,73300,86,1,0,1300,3,1015,Petrol
9500,58,73172,110,1,0,1600,5,1075,Petrol
9950,58,72928,110,1,0,1600,5,1075,Petrol
7950,67,72880,86,1,0,1332,3,1015,Petrol
8250,63,72522,110,1,0,1600,3,1050,Petrol
9450,64,72000,86,1,0,1300,3,1015,Petrol
7950,57,72000,86,0,0,1300,3,1015,Petrol
9500,59,71366,110,0,0,1600,3,1065,Petrol
8950,65,71317,110,0,0,1600,3,1050,Petrol
10950,62,71000,110,0,0,1600,5,1070,Petrol
8950,60,70954,110,0,0,1600,3,1050,Petrol
9450,63,70908,86,0,0,1300,5,1035,Petrol
8000,58,70560,110,1,0,1600,3,1050,Petrol
9900,67,70552,110,0,0,1600,5,1075,Petrol
8950,62,70500,110,1,0,1600,5,1035,Petrol
10900,60,70453,72,0,0,2000,5,1135,Diesel
9450,59,70218,110,1,0,1600,3,1050,Petrol
8450,64,70116,110,1,0,1600,4,1035,Petrol
9500,65,70068,110,1,0,1600,5,1075,Petrol
10500,67,70000,107,1,1,1587,3,1065,Petrol
6950,68,70000,86,1,0,1300,3,1015,Petrol
9750,68,69103,110,0,0,1600,4,1035,Petrol
6950,58,69022,86,1,0,1300,5,1035,Petrol
9650,67,69000,110,1,0,1600,3,1065,Petrol
9950,68,68865,110,1,0,1600,3,1065,Petrol
9250,58,68723,86,0,0,1300,3,1025,Petrol
8950,63,68453,110,1,0,1600,5,1070,Petrol
9900,63,68238,86,0,0,1300,5,1050,Petrol
10995,63,68153,110,1,0,1600,5,1085,Petrol
10500,65,68000,110,0,0,1600,5,1075,Petrol
8950,65,68000,86,1,0,1300,3,1015,Petrol
9750,67,67762,110,1,0,1600,3,1065,Petrol
10950,68,67146,110,1,0,1600,5,1075,Petrol
9750,67,67110,86,1,0,1300,5,1035,Petrol
9950,59,67010,110,1,0,1600,3,1065,Petrol
10500,65,67003,110,1,0,1600,4,1035,Petrol
10400,68,66785,86,0,1,1300,3,1045,Petrol
8800,68,66550,86,0,0,1332,3,1010,Petrol
10500,61,66259,110,1,0,1600,3,1065,Petrol
9250,62,66082,110,0,0,1600,5,1070,Petrol
7800,65,66000,86,1,0,1300,3,1015,Petrol
9950,61,66000,110,0,0,1600,3,1050,Petrol
10750,63,65896,110,1,0,1600,3,1065,Petrol
10950,67,65785,110,1,0,1600,5,1075,Petrol
9950,65,65513,110,1,1,1600,4,1070,Petrol
9950,59,65463,110,1,0,1600,5,1070,Petrol
8100,68,65400,86,1,0,1300,4,1000,Petrol
9250,60,65259,110,1,0,1600,3,1050,Petrol
7800,64,65000,110,1,0,1600,3,1050,Petrol
9000,68,65000,110,0,0,1600,5,1070,Petrol
8950,57,65000,110,0,0,1600,4,1035,Petrol
8950,62,64966,86,0,0,1300,3,1020,Petrol
9950,68,64950,110,1,0,1600,5,1075,Petrol
8500,60,64914,110,1,0,1600,5,1070,Petrol
7995,62,64797,110,1,0,1600,5,1075,Petrol
8750,65,64772,110,1,0,1600,3,1050,Petrol
9750,63,64690,86,0,0,1300,3,1020,Petrol
10950,65,64630,110,0,0,1600,5,1070,Petrol
9750,67,64613,110,1,0,1600,5,1085,Petrol
8200,60,64383,86,0,0,1300,3,1015,Petrol
8950,68,64000,110,0,0,1600,5,1075,Petrol
9500,66,63881,86,0,0,1300,3,1015,Petrol
10950,58,63870,72,0,0,2000,5,1135,Diesel
9750,66,63328,86,0,1,1300,5,1065,Petrol
9950,65,63000,86,1,1,1300,5,1065,Petrol
10450,61,63000,86,0,1,1300,3,1050,Petrol
9850,65,62396,110,0,0,1600,3,1050,Petrol
9450,62,62377,110,1,0,1600,5,1075,Petrol
10295,67,62316,110,1,0,1600,3,1050,Petrol
9750,68,62292,110,1,0,1600,3,1065,Petrol
8950,65,62225,110,1,0,1600,3,1050,Petrol
9900,68,62222,110,0,0,1600,5,1075,Petrol
8750,66,62135,86,1,0,1300,5,1035,Petrol
9950,58,62024,110,1,0,1600,5,1075,Petrol
8500,60,61977,86,1,0,1300,3,1015,Petrol
9950,62,61930,110,1,0,1600,4,1035,Petrol
10950,57,61682,110,0,0,1600,3,1050,Petrol
9795,68,61568,110,1,0,1600,4,1035,Petrol
8750,68,61504,110,1,0,1600,4,1035,Petrol
8250,65,61384,110,1,0,1600,3,1050,Petrol
9950,58,61343,110,1,0,1600,5,1075,Petrol
9950,62,61254,110,0,0,1600,5,1075,Petrol
10500,59,61166,110,1,0,1600,3,1050,Petrol
9750,62,61149,86,1,0,1300,5,1040,Petrol
11250,61,61144,110,1,0,1600,5,1090,Petrol
8900,59,61127,110,1,0,1600,3,1050,Petrol
7950,60,61100,86,1,0,1300,3,1015,Petrol
11500,68,61100,110,1,0,1600,5,1075,Petrol
9450,57,61000,110,1,0,1600,3,1050,Petrol
7995,65,60724,86,1,0,1300,3,1015,Petrol
10995,59,60708,86,1,0,1300,5,1045,Petrol
8950,61,60532,110,1,0,1600,3,1050,Petrol
8250,67,60000,86,0,1,1300,4,1030,Petrol
8950,66,60000,86,1,0,1300,3,1015,Petrol
8950,65,60000,86,1,0,1300,3,1015,Petrol
9500,62,59295,86,0,0,1300,5,1035,Petrol
7500,65,59264,86,0,0,1300,3,1015,Petrol
8950,63,59000,110,0,0,1600,3,1050,Petrol
9950,63,59000,86,1,0,1300,5,1035,Petrol
9750,65,59000,110,0,0,1600,5,1075,Petrol
9450,61,59000,110,1,0,1600,5,1070,Petrol
9950,65,59000,110,0,0,1600,3,1050,Petrol
9750,68,58860,110,1,0,1600,3,1055,Petrol
8950,65,58829,110,0,0,1600,3,1050,Petrol
8250,66,58654,110,1,0,1600,5,1070,Petrol
7750,65,58300,86,1,0,1300,3,1015,Petrol
8950,60,58269,110,1,0,1600,3,1050,Petrol
9950,64,58136,110,1,0,1600,5,1075,Petrol
9450,66,58113,107,1,1,1600,3,1085,Petrol
12950,67,58058,110,1,0,1600,3,1065,Petrol
9950,58,58000,110,1,0,1600,3,1050,Petrol
10495,62,58000,110,1,0,1600,3,1065,Petrol
7950,68,57565,86,1,0,1300,5,1035,Petrol
10500,63,57413,107,0,1,1600,5,1115,Petrol
8950,65,57374,110,1,0,1600,5,1075,Petrol
9900,62,57179,110,1,0,1600,5,1075,Petrol
9995,61,57169,110,1,0,1600,3,1065,Petrol
9950,63,57124,110,1,0,1600,3,1065,Petrol
9950,63,57000,110,1,0,1600,3,1050,Petrol
8250,67,57000,110,0,0,1600,3,1050,Petrol
9950,63,57000,86,1,0,1300,5,1035,Petrol
8950,59,56259,86,0,0,1300,3,1015,Petrol
10950,62,56209,107,1,1,1600,3,1080,Petrol
9250,67,56074,86,0,0,1300,4,1000,Petrol
9950,63,55942,110,1,0,1600,5,1070,Petrol
9995,57,55844,86,1,0,1300,5,1045,Petrol
8750,61,55747,86,0,0,1300,3,1020,Petrol
10950,58,55478,86,0,0,1300,5,1045,Petrol
10350,60,55085,107,0,1,1600,5,1105,Petrol
9950,65,55061,110,1,0,1600,5,1070,Petrol
8950,65,55000,86,1,0,1300,3,1015,Petrol
10950,57,55000,110,0,0,1600,5,1075,Petrol
10950,63,54936,110,1,0,1600,5,1075,Petrol
8950,68,54875,110,1,0,1600,5,1070,Petrol
8900,67,54847,110,0,0,1600,3,1050,Petrol
10250,60,54554,110,1,0,1600,3,1065,Petrol
9450,61,54125,110,1,0,1600,5,1035,Petrol
9250,61,54000,110,1,0,1600,3,1055,Petrol
10500,57,54000,110,1,0,1600,5,1075,Petrol
7350,58,54000,86,0,0,1300,5,1035,Petrol
10250,57,54000,110,1,0,1600,3,1135,Petrol
10250,62,53285,110,1,0,1600,5,1075,Petrol
11500,65,53053,110,1,0,1600,5,1075,Petrol
8950,68,53000,110,1,1,1587,3,1075,Petrol
7750,68,53000,86,0,0,1300,3,1015,Petrol
9500,64,52968,110,1,0,1600,3,1050,Petrol
8450,67,52800,86,1,0,1300,3,1015,Petrol
8950,57,52548,110,0,0,1600,3,1050,Petrol
8400,60,52487,110,1,0,1600,4,1035,Petrol
9250,66,52383,86,0,0,1300,3,1015,Petrol
8900,61,52112,110,1,0,1600,4,1035,Petrol
8750,58,51712,110,0,0,1600,3,1050,Petrol
10950,58,51421,110,0,1,1600,5,1105,Petrol
8950,61,51235,86,1,0,1300,4,1000,Petrol
8950,65,51000,86,1,0,1300,3,1015,Petrol
8895,61,50925,110,1,0,1600,5,1070,Petrol
9390,66,50806,86,0,0,1300,3,1480,Petrol
8750,59,50469,110,1,0,1600,5,1070,Petrol
9750,61,50173,110,1,0,1600,5,1075,Petrol
9950,62,50000,110,1,0,1600,5,1075,Petrol
10950,65,49942,110,0,0,1600,3,1065,Petrol
9900,67,49585,110,0,0,1600,5,1085,Petrol
9500,62,49258,110,1,0,1600,4,1035,Petrol
9950,61,49000,110,0,0,1600,3,1050,Petrol
9950,63,48738,110,0,0,1600,5,1055,Petrol
10500,62,47750,86,1,0,1300,5,1040,Petrol
9950,63,47612,86,0,0,1300,3,1015,Petrol
10495,68,47500,86,1,0,1300,5,1035,Petrol
9500,66,47237,110,0,0,1600,3,1050,Petrol
8500,58,47171,86,1,0,1300,3,1015,Petrol
10450,60,47060,110,0,0,1600,4,1035,Petrol
8950,65,47014,86,1,0,1300,3,1015,Petrol
9900,59,46929,86,1,0,1300,3,1025,Petrol
8900,63,46000,86,0,0,1300,5,1035,Petrol
8745,65,45681,110,0,0,1600,3,1050,Petrol
8750,65,45549,86,1,0,1300,3,1015,Petrol
10750,57,45000,110,1,0,1600,5,1050,Petrol
9750,57,45000,110,1,0,1600,3,1050,Petrol
8850,65,45000,110,0,0,1600,5,1075,Petrol
7950,66,45000,86,1,0,1300,5,1035,Petrol
9450,63,45000,110,1,0,1600,4,1035,Petrol
9950,61,45000,107,0,1,1600,3,1085,Petrol
8250,63,44944,110,1,0,1600,4,1035,Petrol
9950,61,44597,86,0,0,1300,3,1015,Petrol
9995,68,44458,86,0,0,1300,3,1015,Petrol
9950,59,43818,110,0,0,1600,5,1070,Petrol
10495,60,43426,110,1,0,1600,5,1070,Petrol
7950,58,43000,110,1,1,1600,4,1114,CNG
8950,68,43000,110,1,0,1600,5,1035,Petrol
9695,57,43000,110,0,0,1600,5,1075,Petrol
7750,64,43000,86,0,0,1300,3,1015,Petrol
9950,68,42750,110,1,0,1600,3,1050,Petrol
9950,67,42102,110,1,0,1600,5,1075,Petrol
9950,63,41586,110,1,0,1600,5,1114,Petrol
9900,64,41200,110,0,0,1600,5,1070,Petrol
10950,57,40214,86,0,0,1300,3,1025,Petrol
